<!DOCTYPE mapper
        PUBLIC "-//mybatis.org//DTD Mapper 3.0//EN"
        "http://mybatis.org/dtd/mybatis-3-mapper.dtd">
<mapper namespace="com.example.mapper.ExpressTypeMapper">

    <select id="selectAll" resultType="com.example.entity.ExpressType">
        select * from `express_type`
        <where>
            <if test="name != null"> and name like concat('%', #{name}, '%')</if>
        </where>
        order by id desc
    </select>

    <delete id="deleteById">
        delete from `express_type`
        where id = #{id}
    </delete>

    <insert id="insert" parameterType="com.example.entity.ExpressType" useGeneratedKeys="true">
        insert into `express_type`
        <trim prefix="(" suffix=")" suffixOverrides=",">
            <if test="id != null">id,</if>
            <if test="name != null">name,</if>
            <if test="price != null">price,</if>
            <if test="attribute != null">attribute,</if>
        </trim>
        <trim prefix="values (" suffix=")" suffixOverrides=",">
            <if test="id != null">#{id},</if>
            <if test="name != null">#{name},</if>
            <if test="price != null">#{price},</if>
            <if test="attribute != null">#{attribute},</if>
        </trim>
    </insert>

    <update id="updateById" parameterType="com.example.entity.ExpressType">
        update `express_type`
        <set>
            <if test="name != null">
                name = #{name},
            </if>
            <if test="price != null">
                price = #{price},
            </if>
            <if test="attribute != null">
                attribute = #{attribute},
            </if>
        </set>
        where id = #{id}
    </update>

</mapper>