<!DOCTYPE mapper
        PUBLIC "-//mybatis.org//DTD Mapper 3.0//EN"
        "http://mybatis.org/dtd/mybatis-3-mapper.dtd">
<mapper namespace="com.example.mapper.FeedbackMapper">

    <select id="selectAll" resultType="com.example.entity.Feedback">
        select feedback.*, student.name as studentName from `feedback`
        left join student on feedback.student_id = student.id
        <where>
            <if test="title != null"> and feedback.title like concat('%', #{title}, '%')</if>
            <if test="studentId != null"> and feedback.student_id = #{studentId}</if>
        </where>
        order by feedback.id desc
    </select>

    <delete id="deleteById">
        delete from `feedback`
        where id = #{id}
    </delete>

    <insert id="insert" parameterType="com.example.entity.Feedback" useGeneratedKeys="true">
        insert into feedback
        <trim prefix="(" suffix=")" suffixOverrides=",">
            <if test="id != null">id,</if>
            <if test="studentId != null">student_id,</if>
            <if test="title != null">title,</if>
            <if test="content != null">content,</if>
            <if test="time != null">time,</if>
            <if test="replyContent != null">reply_content,</if>
            <if test="status != null">status,</if>
        </trim>
        <trim prefix="values (" suffix=")" suffixOverrides=",">
            <if test="id != null">#{id},</if>
            <if test="studentId != null">#{studentId},</if>
            <if test="title != null">#{title},</if>
            <if test="content != null">#{content},</if>
            <if test="time != null">#{time},</if>
            <if test="replyContent != null">#{replyContent},</if>
            <if test="status != null">#{status},</if>
        </trim>
    </insert>

    <update id="updateById" parameterType="com.example.entity.Feedback">
        update feedback
        <set>
            <if test="studentId != null">
                student_id = #{studentId},
            </if>
            <if test="title != null">
                title = #{title},
            </if>
            <if test="content != null">
                content = #{content},
            </if>
            <if test="time != null">
                time = #{time},
            </if>
            <if test="replyContent != null">
                reply_content = #{replyContent},
            </if>
            <if test="status != null">
                status = #{status},
            </if>
        </set>
        where id = #{id}
    </update>

</mapper>