<!DOCTYPE mapper
        PUBLIC "-//mybatis.org//DTD Mapper 3.0//EN"
        "http://mybatis.org/dtd/mybatis-3-mapper.dtd">
<mapper namespace="com.example.mapper.StudentMapper">

    <select id="selectAll" resultType="com.example.entity.Student">
        select student.*, courier_commission.name as commissionName from `student`
        left join courier_commission on student.commission_id = courier_commission.id
        <where>
            <if test="name != null"> and student.name like concat('%', #{name}, '%')</if>
            <if test="role != null"> and student.role = #{role}</if>
        </where>
        order by student.id desc
    </select>

    <delete id="deleteById">
        delete from `student`
        where id = #{id}
    </delete>

    <insert id="insert" parameterType="com.example.entity.Student" useGeneratedKeys="true">
        insert into `student`
        <trim prefix="(" suffix=")" suffixOverrides=",">
            <if test="id != null">id,</if>
            <if test="username != null">username,</if>
            <if test="password != null">password,</if>
            <if test="name != null">name,</if>
            <if test="phone != null">phone,</if>
            <if test="email != null">email,</if>
            <if test="avatar != null">avatar,</if>
            <if test="role != null">role,</if>
            <if test="amount != null">amount,</if>
            <if test="cash != null">cash,</if>
            <if test="commissionId != null">commission_id,</if>
            <if test="status != null">status,</if>
        </trim>
        <trim prefix="values (" suffix=")" suffixOverrides=",">
            <if test="id != null">#{id},</if>
            <if test="username != null">#{username},</if>
            <if test="password != null">#{password},</if>
            <if test="name != null">#{name},</if>
            <if test="phone != null">#{phone},</if>
            <if test="email != null">#{email},</if>
            <if test="avatar != null">#{avatar},</if>
            <if test="role != null">#{role},</if>
            <if test="amount != null">#{amount},</if>
            <if test="cash != null">#{cash},</if>
            <if test="commissionId != null">#{commissionId},</if>
            <if test="status != null">#{status},</if>
        </trim>
    </insert>

    <update id="updateById" parameterType="com.example.entity.Student">
        update `student`
        <set>
            <if test="username != null">
                username = #{username},
            </if>
            <if test="password != null">
                password = #{password},
            </if>
            <if test="name != null">
                name = #{name},
            </if>
            <if test="phone != null">
                phone = #{phone},
            </if>
            <if test="email != null">
                email = #{email},
            </if>
            <if test="avatar != null">
                avatar = #{avatar},
            </if>
            <if test="role != null">
                role = #{role},
            </if>
            <if test="amount != null">
                amount = #{amount},
            </if>
            <if test="cash != null">
                cash = #{cash},
            </if>
            <if test="commissionId != null">
                commission_id = #{commissionId},
            </if>
            <if test="status != null">
                status = #{status},
            </if>
        </set>
        where id = #{id}
    </update>

</mapper>